{"Epoch": 12, "Training Accuracy": 13.853226925746009, "Training Loss": 1.9459097389439424, "Validation Accuracy": 13.85949696444059, "Validation Loss": 1.945911169052124, "_timestamp": 1681603979.6092942, "_runtime": 1387.1209061145782, "_step": 11}