{"Epoch": 50, "Training Accuracy": 13.853226925746009, "Training Loss": 1.9459104539308176, "Validation Accuracy": 13.85949696444059, "Validation Loss": 1.9459112882614136, "_timestamp": 1682881970.3574588, "_runtime": 603.0476007461548, "_step": 49, "_wandb": {"runtime": 603}}