{"Epoch": 47, "Training Accuracy": 36.49375433726579, "Training Loss": 1.6049163634375017, "Validation Accuracy": 36.02775368603643, "Validation Loss": 1.6168793439865112, "_timestamp": 1681236897.4373305, "_runtime": 1838.7594394683838, "_step": 46}