{"Epoch": 44, "Training Accuracy": 35.99930603747398, "Training Loss": 1.612716107960793, "Validation Accuracy": 37.06851691240243, "Validation Loss": 1.5989049673080444, "_timestamp": 1681247005.496004, "_runtime": 1584.9899480342865, "_step": 43}