{"Epoch": 40, "Training Accuracy": 35.45714781401804, "Training Loss": 1.6242104733180536, "Validation Accuracy": 35.4206418039896, "Validation Loss": 1.6290407180786133, "_timestamp": 1681241895.7984078, "_runtime": 1372.08039188385, "_step": 39}