{"Epoch": 50, "Training Accuracy": 32.104441360166554, "Training Loss": 1.7466853262234858, "Validation Accuracy": 30.77189939288812, "Validation Loss": 1.766751766204834, "_timestamp": 1681165667.506041, "_runtime": 962.4489841461182, "_step": 49, "_wandb": {"runtime": 962}}